standard_deviation,position,accuracy,cost,velocity,iteration,experiment_id
0.03383517989312029,"[-1.5062841128301254, -1.0136033284190404, -2.1246973063614014, -1.3026196592684165, 1.0129917007377653, -1.5797284642689997, -1.3909050440420794, -0.5498513457787418, -2.091877180671249, 1.2700313614709322, 0.32030782301320826, 0.40595297838283173, 0.2311276058236379, 0.04563346840231154, -1.9935348673886268, 0.020653400706169528, -1.4164419780651012, -0.7836308907260311, 0.7175597602611901, -1.2655509348975824, 0.00857522225105052, -0.6209875675272375, -0.4752508790630041, -0.17070096800352502, -1.0685707208137758, -0.7912493703634896, -1.3373631533596602, -0.6008164862808171, -1.843741756235017, 2.899966442777368, -0.7990539644728196, 1.7004795674944673, -0.11488564408957129, 0.3040480456726686, -1.68528758684374, -2.053647595664692, -0.8612113026938647, -0.7024961838499523, 0.7701359820809909, 0.4902464824576036, -1.1479606782906975, -1.658923855362476, 1.4170682156090475, -0.021685377632049363, -1.8371897733595863, -1.5853326129131353, -0.6988497941241401, -2.1739615321766057, -1.7442495289677067, -1.284385620758009, -0.9768640867090311, -1.5587948621195753, 0.20629948727243494, -0.14621365787243504, 0.27000397009417876, -0.9914056410437524, 0.43663933866177645, 2.6619710375647037, -0.8754946478964034, -0.8019166769346174, 1.3728537658772315, 0.2509716089611903, -0.09874524949178956, 1.1946977676454187, -1.6315280031185235, -0.2929286389840757, -0.5565396334461206, 1.5510616048609398, 0.3191362492946565, 0.6331961653019256, 0.9020654508678377, -0.9119526119279386, -0.22563839712323344, 0.4144174773069908, -1.3759573019414433, -0.556115101300407, 0.7154934712593539, -0.08919482132904691, 2.1980634317902465, -0.02650769139305596, 0.7544846581413384, -0.10533559691954969, 0.1418311761769787, -0.23485194701335108, -0.01041371125941793, -0.16743062427229222, -0.024429197581596035, -0.2387690573131056, -1.3253750364490402, -2.065386468098735, 1.2448436231944608, -0.7999718845396186]",0.7675478577939836,0.7349389632582795,"[-0.006659529763369743, -0.007158034671116182, -0.0593489534979566, -0.05011125233777039, -0.05250654468282153, 0.0031751569117150717, -0.038066254810116676, 0.02567462638320656, -0.0017306015558749028, 0.021487601290128496, -0.04618594569749671, -0.006023829142203339, 0.0048378851557455225, -0.042171736482962366, -0.02186879357675526, -0.006147494942025848, -0.033342974959021096, 0.00332998751032182, -0.03792195788890301, -0.029011447724439136, -0.006032595388425927, -0.03400050922999905, -0.07001152758802655, -0.030042321776811425, -0.03702751152858629, -0.02489039102296493, 0.0110303893197964, 0.002755684003362721, -0.04118864039844408, 0.015718348922669465, -0.008821418726589272, -0.06372293655982657, -0.04685113596837712, -0.041581873223093216, 0.010006999388092847, -0.019528121377957636, -0.028180895936183017, 0.03241307362751148, 0.02689821546943293, -0.0009140948218277255, -0.005615312436976714, -8.580425935542397e-05, 0.011137018203534691, -0.013559423823711069, -0.04420434738365039, 0.025556862936204267, -0.02818879942403197, 0.0028146652788700673, -0.0736452405915655, -0.04894784355985375, -0.05132492864616091, -0.03413805977387564, -0.02566160786021039, 0.007071943222458282, -0.007864261590072977, 0.027669112671874926, -0.06912234532128587, -0.04959430431535698, -0.020904945308492483, -0.006460360365758184, -0.019096122201873438, -0.02925995525281072, 0.003853640933702599, -0.06249372021269154, -0.009190957101316882, -0.05696121927847177, -0.0333741736288512, 0.014210090676981885, 0.0012870245882798898, 0.019913394488395162, -0.06487593037785748, -0.022261865382314915, -0.02663637375785362, -0.027059580230830247, -0.03894347957646717, -0.023015308766576443, -0.014235219412282563, -0.04242962868628319, 0.0025563353734983345, -0.025283747507843537, -0.008512258377479417, -0.027075955820589553, -0.03615621025924321, -0.040740845742968296, -0.0017961068860653808, -0.011818876889921972, -0.024038940439087577, -0.036049128249225244, 0.025382951094562553, -0.055843006930602374, -0.0542351894911776, -0.005138622084089247]",228,5
0.03383517989312029,"[-1.3989973235845699, -1.0796842638485864, -1.8299667131251849, -0.9973424935916559, 1.1341307865433992, -1.395908807518829, -1.0282399973239662, -0.6198285592819147, -1.921753775366092, 1.0439312462207264, 0.515361943685689, 0.48437881916208225, 0.0771984872269455, 0.16527457604498008, -1.6886335628388198, -0.05080640187670199, -1.1837693674553529, -0.5675679652168304, 0.8390702810906183, -1.1963612216622999, 0.027823939355476536, -0.510622700877809, -0.21027093834044736, -0.06913328497533242, -0.9921039946500074, -0.5932466400771306, -1.18806842452571, -0.46279735168599073, -1.741907983726906, 2.6216568571995307, -0.8485520141757117, 1.8534616803264468, -0.03143915036460154, 0.3056687276984137, -1.7632162389656958, -1.9241328772490964, -0.8107779365652082, -0.7068681853298853, 0.636480999709059, 0.4031982466833225, -1.1138916812152488, -1.4870111944428346, 1.3519095264978134, -0.030805774747030418, -1.5370936738970142, -1.620218837205833, -0.4312995133640712, -2.042286890722221, -1.3561619616596472, -1.0745691032843414, -0.6640630957357273, -1.2719726428598312, 0.23658892576481877, -0.14570455263795518, 0.3431365622019059, -0.9777631980236978, 0.7954173502468642, 2.6168310015498784, -0.8068479947413344, -0.7183225413356458, 1.544491490864422, 0.3715665767577158, -0.17462378691175073, 1.328773335692348, -1.522431343985722, -0.179751548951214, -0.35321938157234367, 1.3262463357594743, 0.27842521103530005, 0.5700703163850713, 0.9512097095328569, -0.9511438791268543, -0.1301293880575693, 0.5661892477269113, -1.071269941466381, -0.45574281101113306, 0.6678070026967777, -0.09965311206822691, 2.138351531467493, 0.012828590807225454, 0.7498482709629709, 0.17744869432267613, 0.3049780122170772, -0.056578462711450096, 0.16509578202643738, -0.14729478211978173, 0.08777576776434988, -0.18866453618905996, -1.4281578740338396, -1.8465901873901194, 1.273359007072227, -0.6352280211985424]",0.5706472196900638,0.7471884006398483,"[0.14402402180264012, -0.2191530321678585, 0.13841699057074955, 0.23840380840468645, -0.16675882997288122, 0.3559608763986617, 0.37915996180377, 0.05364220686200616, 0.3681341671805071, -0.32707479154481317, 0.020401540491496315, 0.1158073025627224, -0.2773054656096763, -0.08203944590814753, 0.4307920855582478, -0.20772110412421818, 0.2373534960581187, 0.4451106568421772, -0.0678478700680544, -0.06336399259575502, -0.04730808123814551, 0.0027550885427600337, 8.646726110515259e-05, -0.037618477507933505, -0.1908373602390927, 0.19068796562932505, 0.34447283342478385, 0.28532226768973395, -0.11079128621510488, -0.44724576639318925, -0.16192946296861516, -0.17089548305061425, -0.1707698293651337, -0.3195791292944129, -0.06926400412335482, 0.08722210725461982, -0.15229291468645267, 0.20445452363152444, -0.07241364659588129, -0.21217967726250456, 0.025690541125313323, 0.33966984788093624, -0.03688838472916045, -0.12684680034632353, 0.25837652505903014, 0.1233830158582395, 0.2897597978646221, 0.2833021520092371, 0.25960826637791184, 0.004085452619471686, 0.19264629810744963, 0.3153798275977134, -0.20167087250305799, 0.06112931608131716, 0.024698304917795896, 0.2514125803109564, 0.17974970888402095, -0.4409921552984553, -0.014831720419334058, 0.07780043560412073, 0.18739806377903556, 0.010483173034355444, -0.1620118080371031, -0.17640827872562564, 0.12450141213885312, -0.2044857236831659, 0.15882652832286992, -0.38019906040890283, -0.11402517604385431, 0.021046653645016934, -0.38855385222419064, -0.25503324030852065, -0.019154416109335028, 0.11375685535600849, 0.333438615874944, 0.04405226937647111, -0.19262112151387942, -0.3281644992645906, -0.12011882378845476, -0.1261861669065217, -0.09760605905827092, 0.3468019772065596, 0.06977356736472892, 0.018661206522932537, 0.3060195709222543, -0.029923263980782284, 0.014618801542595799, -0.17144901217270764, -0.04362167324869038, -0.012447515106887953, -0.3748485703251039, 0.3089215516673571]",228,5
0.03383517989312029,"[-1.5060718222346476, -0.9282050051507195, -1.9614912078335598, -1.12550472098066, 1.2528685736591936, -1.5143021340952627, -1.2069918384397778, -0.5659185780171454, -2.197172135422611, 1.2293051862246207, 0.4497916543272603, 0.40019104780567716, 0.2573656117841967, 0.16701946041260826, -1.8385320762782675, 0.15664583050829853, -1.3160983702172944, -0.6558238576309543, 0.7800990117603246, -1.255888719665582, 0.07090935474388346, -0.6589043247585524, -0.22694808564521576, -0.08039307753997635, -0.7865860190921276, -0.6412885018742864, -1.2895830708864506, -0.6170124579525108, -1.6400971716994883, 2.805877244769537, -0.8414560429868099, 1.8817121051145336, 0.03833286479187224, 0.3212967649365288, -1.7350520075639777, -1.9064685584998549, -0.7046965558835196, -0.6579456492432791, 0.7226496023704088, 0.5436657279851318, -1.1581430117644418, -1.7060612652586813, 1.3637354735094491, -0.1115756550309971, -1.6766895059871303, -1.7446977230625527, -0.5274439453914822, -2.1559117270090407, -1.6019951888563857, -1.1047468958419813, -0.7177257599473288, -1.467574183441466, 0.3802094272367082, -0.2064756537507751, 0.44701607211177885, -1.189280774716647, 0.7594647346168149, 2.7459687639672508, -0.9265191516186376, -0.621961442940993, 1.4137229281094101, 0.3521622844632298, -0.12895557279276657, 1.3455937871213888, -1.5058318378744926, -0.053204717979168606, -0.45800286428932385, 1.4589854944543406, 0.35038575602232497, 0.6201992426646962, 1.1084775467594297, -0.7786853074743787, -0.08884649885459961, 0.4058471357699846, -1.268792924683432, -0.4518531859984336, 0.7481655255232178, 0.11751964282203768, 2.26600628737363, 0.09812184432418022, 0.9303964050892226, 0.0903476655022047, 0.19223856432300443, 0.013395115278586531, 0.005404872329633221, -0.16285191986151334, 0.2124246051347815, -0.1755476452624649, -1.336709139514321, -1.7329768990961465, 1.4193694219323256, -0.8725799063904733]",0.5989061075660893,0.7051206193828874,"[-0.00428367421789696, 0.002227683737425076, -0.007188285571025329, 0.0024548594102109036, 0.005456168217283894, 0.005081345910412179, -0.0023669053974431573, 0.01472848996433258, -0.012450873000043723, -0.006344712736344352, -0.008053199971359119, 0.004633109778887829, 0.0037586272050551843, -0.003248331183412774, 0.006599608942934824, 0.01652915530082286, -0.004155894417078153, 0.01933535643765126, -0.015515944116440382, -0.014248721232269092, 0.0026051671652329283, -0.017142434126505426, -0.0007577620549977717, 0.0017021456663688529, 0.016524118187062117, 0.007928387228018472, 0.005095878907242599, -0.0002536532810080276, 0.01100577937079947, -0.010101628626596939, -0.012167160781791638, -0.009884758714557995, 0.0018502767715667247, -0.020883643653841655, -0.0007863809070218189, 0.010630807734350968, -0.005077886337295484, 0.015327800848642728, 0.011055838641024688, 0.007777172775294483, -0.0019153355345264936, -0.009034925770239101, 0.004110149700942964, -0.02086820789835661, 0.001221233149207952, -0.005426983622558168, 0.002586390668620958, -0.004124817252472714, -0.0046124939771247575, -0.005731189596672578, -0.0022297050310970063, -0.003091947077902099, 0.0029703741870698223, -0.007804442064827025, 0.015874662197134088, -0.008616131239840338, -0.0011850513228926283, -0.01315589087213374, -0.015577335250144896, 0.016523959474844842, -0.0060279101200253725, -0.003426281390107504, -0.011757970301852851, -0.012641694428302928, 0.020290905938452952, 0.005931043169998429, -0.00402297699920539, -0.010835734029325776, -0.0006486572169259938, 0.008257388101964212, -0.008257229936051262, -0.00016466035164575295, 0.003610894360790164, -0.016699544498102792, 0.006103719571521931, 0.011351849768520217, 0.000212964261442562, 0.0022170657894564, 0.003494344448748774, 0.00023128468135961695, 0.01178799015327565, 0.017387440028944868, -0.0058812184160004655, 0.00585120071544849, -0.0032915539245391224, 0.0008522566049090181, 0.012992753855975788, 0.0003718608457039495, 0.006089422692066332, 0.011634443866792068, -0.007566328054535928, -0.011683088398834442]",228,5
0.03383517989312029,"[-1.3387074521915072, -0.7751025932251943, -1.7489451324272838, -0.9853463572593469, 1.2546226101136788, -1.4529279719194594, -0.9810846458927391, -0.3825827509803862, -2.153638383431158, 1.1993824226814447, 0.6159741691589593, 0.5582078234032553, 0.3321994732428191, 0.2842194634350327, -1.7617263250769402, 0.23907691360251024, -1.209487495677637, -0.5863995175627308, 0.7123314433580151, -1.1619432922495583, 0.16469427957135702, -0.5944420094627991, -0.17332657932978732, 0.20483370897132372, -0.5224290269178351, -0.5446789491741786, -1.212457093406616, -0.4837071178821454, -1.4713701476812158, 2.6980730916673603, -0.7450637994990846, 1.9748848229316296, 0.1885943853245743, 0.47235147430397906, -1.7140954623236757, -1.6945187801447705, -0.6161961329768489, -0.6499167346819639, 0.6676498876512805, 0.6115190467516792, -1.0375805720205753, -1.6573602451962444, 1.4047748434309952, -0.031392006596039336, -1.4050246278711196, -1.5554788649884987, -0.40677326082558785, -2.0486231717195826, -1.4060683155349212, -0.8645564735101532, -0.7213933133527352, -1.1174375924119078, 0.671993840662712, -0.2786124342823246, 0.552022805242408, -0.9475663758919416, 0.6249237844393243, 2.731217599826065, -0.7074334036017771, -0.5565618073064503, 1.364968858814952, 0.30547237670043725, -0.13699279500768397, 1.3325083382617604, -1.24856699596946, -0.06939041092027945, -0.4016747789393349, 1.5355208347532971, 0.5303130344659974, 0.6646379481677572, 1.0038578935191496, -0.7503666269795882, 0.12568479812025551, 0.5103300159584291, -1.0662457641344352, -0.3163157419701007, 0.79788712582956, -0.07410626342581716, 2.0157984429774873, 0.20033978296176955, 0.8703301742306642, 0.10051761289881592, 0.4181592646730472, -0.05260323447573409, 0.08660020009517717, -0.03334203416576021, 0.24203031000970465, -0.0108997875167121, -1.3322276143669307, -1.4563835790513784, 1.4249900483891638, -0.8084646810047754]",0.8222424794895169,0.703088352673713,"[0.0023486272280307295, 0.004992468728294622, 0.007352335588850936, 0.006554026766775463, -0.002516805844107032, -0.00021294846341330873, 0.0010500812826474328, 0.011140894798181365, 0.002427202209556976, -0.007454209370663858, 0.00142990861801942, 0.006887792330696359, 0.004339908041576458, 0.0015909132509056077, 0.003008887914583436, 0.0051955357724760955, 0.0049608854472949345, 0.004314895635847126, -0.01125458718302283, 0.0024434906979941147, -0.0016827544677963384, 0.0009153996601242763, 0.0005429732828531855, 0.008624364205232845, 0.009267594102579714, 0.0034523476569129482, -5.299955504200517e-05, 0.004420915437396085, 0.009099371555849878, -0.010580694329559314, 0.0018092082788852904, 0.00033209565021908487, 0.007938586493993474, -0.0006833836866631564, 0.0026853959689044585, 0.009431074607473992, -0.0010264559373275102, 0.0020503154724902974, -0.003047018457416161, 0.00033632835933089175, 0.004751936208307793, -0.0022348414791055586, 0.002519142508336888, -0.0025448345982532522, 0.00990667356160186, 0.005925180514138059, 0.0013085052521239178, 0.0040797937087455, 0.009022145219854266, 0.0038938364919749568, -0.005260346033197973, 0.014068179072814616, 0.005291068499792868, -0.004041494187555829, 0.0011160684844234749, 0.009315235407572791, -0.00843737143345892, -0.003496520599806172, 0.005744624570746673, 0.0026343538318501798, -0.007926057272015435, -0.003455535270706948, -0.006891399964708551, -0.002089231925318631, 0.012673156759351734, -0.0009011647259585331, -2.6266173806898177e-05, -0.003711930503351472, 0.0019005836974136173, 0.0019440128823128354, -0.006380490706398269, 0.0024574352132390727, 0.008300549153603686, 0.0006078101576807099, 0.01078142594457001, 0.008602047465555623, 0.0019258651885605527, -0.006848572637650922, -0.013866332147353628, 0.00259169976321551, -0.0019963801299535703, 0.0001838775312846064, 0.00789081644985887, -0.006013334029563084, -0.0035707142675230987, 0.007932003957610132, 0.0016769779996803433, 0.004910062014337241, 3.96207773212514e-06, 0.013107179937459192, -0.005974342024487657, 1.6811587080881453e-05]",228,5
0.03383517989312029,"[-1.3821739478893904, -0.9452176946365518, -1.8897966235092065, -1.1384301756593356, 1.183065967326202, -1.529786700686759, -1.1908640258036918, -0.6321243455788298, -2.0672416984550823, 1.210310552619624, 0.44788037043874585, 0.4500622242156908, 0.20891902198610682, 0.2359748585579218, -1.8531413701749, 0.07099944622617671, -1.2017976179985383, -0.6461056646518241, 0.8574320506085226, -1.2509959102082042, 0.13291000904420391, -0.5234941334995387, -0.2601982154637567, 0.042316051812176556, -0.9039903187607249, -0.6710922992424252, -1.300360489626613, -0.6514049380676873, -1.6027524706354987, 2.8292010119351554, -0.7644979646779578, 1.9285632444694012, 0.01872229120296004, 0.4005283184823788, -1.6942497040189999, -1.93308096204766, -0.7682787874820913, -0.7485679296362456, 0.7938708466499644, 0.5552324660248121, -1.1702739802808158, -1.610058837803277, 1.3371259985759045, -0.05316582179119533, -1.6120372554613545, -1.6055842288034385, -0.6382572348194646, -2.174732456459342, -1.5675088164812891, -1.032774680244095, -0.7429243192266146, -1.3846768693374156, 0.3153552960880257, -0.12536587202815494, 0.33301646375369826, -1.0650723129688748, 0.7285267562281376, 2.8568422914017724, -0.8199020306598334, -0.6531390625635692, 1.4405515604714754, 0.3023416989056084, -0.09325709620412917, 1.453613621152443, -1.4842318529472676, -0.11973335934736709, -0.33936482922117106, 1.4322060226503284, 0.3163172367848114, 0.670357527458383, 1.1711401892277769, -0.774587125061144, -0.046461154302032084, 0.4849755481774329, -1.187968436237103, -0.40057825996177426, 0.6926378049539974, 0.13650457389373546, 2.2614947207061435, 0.10522480935470338, 0.7710947881119871, 0.00951867495913069, 0.21837706604929208, 0.006377568211235005, -0.010216339313331213, -0.10218124406852405, 0.11734080716581734, -0.13180917841899792, -1.4562160818703005, -1.8391963145393049, 1.4762508685162299, -0.7018287562690682]",0.9070191431175935,0.6995840161980243,"[0.01805236745916946, -0.00024021400866309616, 0.005470027993872538, -0.00508264577995509, -0.01939746584151877, 0.008994961330660915, -0.0007849576411638019, -0.006180807135037054, 0.007156717237451073, -0.0199430056930361, -0.025522507752027374, 0.00977991458997882, -0.009043794657655368, 0.0012758181345610495, 0.010559908656173492, -0.009678471201388109, 0.02216814422153323, 0.02889460183234527, -0.008452297209937572, -0.02608063571187135, 0.02034632183153444, -0.005448183133786073, -0.027767460634182912, 0.03223722511256306, -0.006042110968654539, 0.001164436759196705, 0.011089614903253902, -0.02542524676868934, 0.02009438601576891, -0.0173430245456254, -0.010412546392752813, -0.010025765648722497, -0.014015396169804156, -0.017965971088553093, 0.005040313475819468, 0.011480864350250398, -0.030664229073528615, 0.008631156524715803, 0.02835387288640617, 0.01297582794156506, -0.013967843154594164, 0.007263393129736647, -0.01164051205044737, -0.02899571209162696, 0.019514216134483377, 0.02658023111760234, -0.03310531812170674, -0.018087510284639938, -0.02401837537815419, 0.009793732168604949, -0.0010582931186417103, 0.014205481797626438, -0.019814562387785818, 0.005643779840744444, -0.005671159832035923, 0.014722543776157244, -0.007811357099315805, -0.004098637196082824, -0.005529296532440126, 0.020419283351622384, -0.01294738423150327, -0.023277526960488515, -0.005318575929279197, -0.00048806098591847816, 0.03474980886193179, -0.02375066796733284, 0.0199501131249653, -0.03160561632564975, -0.014070391658485852, 0.025649459912268944, 0.005610796817622854, 0.007130787613849941, 0.014891316771708931, -0.014604287882539018, 0.019371817277095898, 0.021814456617484965, -0.024510981176207945, 0.014659422755805413, -0.001190301599379046, -0.01110509622399513, -0.025763907710158098, -0.014479444781229173, -0.017887777826979517, 0.014533928152640863, -0.024628360899350162, 0.01522464903561372, 0.0063013087991386635, -0.004917384342795676, -0.02316184456993862, -0.010961912756648855, -0.0010565631165366865, 0.023057898546619836]",228,5
0.03383517989312029,"[-1.6914049892483036, -1.0774079955370757, -1.901639569637415, -1.1802285839581212, 1.0889760838100802, -1.7133176624148583, -1.5358382045952637, -1.010564893624298, -2.075467711263517, 1.043832864850291, 0.3929707433339635, 0.3183006110029392, 0.1190932578362446, 0.036143303195054176, -2.0653103377345428, -0.20357155958455625, -1.4846260753360871, -1.2233907739354095, 0.9780653794587324, -1.11911445773251, -0.19925990414731312, -0.4605244469975642, -0.25145571703166697, -0.36727209993534626, -1.2246289073397327, -0.8517259050442699, -1.6575986426946512, -0.663730295042425, -1.842734541724096, 2.7718750908841026, -0.7202564766448261, 1.875993886726989, -0.029410902125421672, 0.4990719070413102, -1.6835596921902762, -2.139908616957671, -0.8529381781182198, -0.9548940460133726, 0.47422052198491416, 0.38448748599814186, -1.1348333189703999, -1.7633036363511292, 1.2869054537709477, 0.22461140617507436, -1.9858444392943366, -1.8482932832809642, -0.8318835742453856, -2.3955958306789125, -1.5974974868374698, -1.2179883948605523, -0.7544204547727225, -1.6469201614818596, -0.05227924108385579, -0.04906697488449653, 0.014579607337935632, -1.2313017538339528, 0.7255664147772725, 2.857746708254934, -0.8082044381169473, -1.0247472785159013, 1.322334866663186, 0.4751172233680372, -0.0026190584672870984, 1.4691376867125268, -1.9197512151171063, -0.0634974353301517, -0.5272150058238717, 1.4915984028993288, 0.07568999827047433, 0.2816782260712749, 1.3315990487857234, -0.7693818339163084, -0.4227864144347213, 0.411320081705166, -1.3856015467496754, -0.6990797453877283, 0.6201901377275616, 0.08717105702292058, 2.1525751796432644, -0.09552853763431454, 0.721821098632777, -0.2785673318446032, 0.09293248322498543, -0.25867489333777394, -0.296419335493407, -0.12439228439220766, -0.10835205846061108, -0.22932587394941592, -1.4711637563359767, -2.1397991242725953, 1.384991873286969, -0.8621959620349096]",0.7976298997265269,0.7616852548636855,"[-0.05106964563192399, -0.02636030213823817, -0.004147532759155838, -0.017411079731340588, -0.029208191259907056, -0.03403435726397199, -0.07372538203002114, -0.08637433439194518, 0.004502425950204994, -0.03470239152557432, -0.02551285811870361, -0.027061069757697877, -0.02501473357551755, -0.0392265920972855, -0.03926123829176012, -0.059329384941999776, -0.04284646143647964, -0.09969421972846369, 0.027374253231561174, 0.00770977852038843, -0.057430327913627156, 0.010624984620780256, -0.009652252828237694, -0.07655295036883922, -0.07698734727823692, -0.03989289334464328, -0.06870537326196581, -0.014480307543672698, -0.038198229990860665, -0.01340967537278893, 0.009940120450325943, -0.015346244674813454, -0.022303693231589358, 0.007578977843602835, 0.008083540603979473, -0.04414879942073324, -0.026088091463862397, -0.03632896619277622, -0.04450937892806503, -0.029204916800426788, -0.004032952865295811, -0.024891342925483204, -0.020124068181742682, 0.04321337216938033, -0.07667470610022475, -0.04102895742942052, -0.0591205894783328, -0.04972670702680216, -0.02823667637682135, -0.03425407637065752, 0.001914894043895323, -0.05435631311753127, -0.09049131508473679, 0.03099604932510776, -0.07279111650201621, -0.03314645992877943, 0.006835496622431887, 0.0068867163539835284, -0.004446726114499744, -0.06132709108852548, -0.02712104209166747, 0.02547709909173233, 0.02271218241418464, 0.012778645780816977, -0.08130847115027096, 0.002241409972023466, -0.022111385171784535, -0.004015655653024132, -0.06013207044133924, -0.06440186195493239, 0.0437573641801503, 0.010356066961310442, -0.07168365467384674, -0.022594242425972404, -0.03724691887176284, -0.05322660973545345, -0.03311449972479672, 0.006161510195114162, -0.00514286129441793, -0.039409381396107786, -0.017379696279829628, -0.06397348900828088, -0.04331108879889305, -0.04260457769539644, -0.06845292934382319, -0.0017445161933760142, -0.045431617536415426, -0.03079631830073633, -0.01588509198821976, -0.07318625074161522, -0.014246564278643967, -0.01722192498665238]",228,5
0.03383517989312029,"[-1.5214179291933803, -1.0587591920597943, -1.954229289350773, -1.1415504119260682, 1.2145857145271084, -1.622948095191895, -1.2845486594840363, -0.7060729920608187, -2.1116016097693415, 1.1961093115357928, 0.49198491932370153, 0.41290324042136, 0.1566411275162608, 0.1916608977670459, -1.9404370949709744, -0.011503954555116772, -1.3400864823105192, -0.8337756109874048, 0.910225734875845, -1.181399264559711, 0.017965417838505585, -0.49935350683191165, -0.2342048387169337, -0.10039307127414258, -0.9986206326189726, -0.7338775278756503, -1.397254177240383, -0.645096443041028, -1.7672465752334108, 2.8829877654510545, -0.8212005472508477, 1.9405855286219282, -0.0034755787654706365, 0.4677708810298788, -1.766971851555879, -2.0623946978649723, -0.798202966195004, -0.8684405037581273, 0.6650889209017442, 0.4832336750686318, -1.1700096071862613, -1.6804530695999254, 1.3752792875010238, 0.02223400108182933, -1.7107101127415754, -1.7275916982923099, -0.6278208159746433, -2.2438424850548486, -1.4981642388191272, -1.1595246192207784, -0.7914941117433684, -1.5039763870819, 0.2517126605970743, -0.17918126091753497, 0.30614087750356955, -1.135365575132418, 0.7079438337869747, 2.855840175292354, -0.817993764149409, -0.8177122357189026, 1.4897192561716517, 0.36263429332679553, -0.11094835414654318, 1.4206528095563706, -1.6766710348652711, -0.10736262301501363, -0.4492752890097446, 1.5120459415301528, 0.29531511840067576, 0.538929580430687, 1.1538883014493846, -0.8843587242611691, -0.20072583860382545, 0.4986794668257092, -1.2765481599103148, -0.5193713467749264, 0.7757460868708453, 0.06453847653512548, 2.2362413040196447, 0.023517817167071294, 0.7686208883128297, -0.008510238645616694, 0.24144777003860654, -0.0705884019607692, 0.007909251787256502, -0.14934141339158127, 0.04439475963799947, -0.10787282372329332, -1.4598839145422697, -1.958545120196244, 1.477909538467325, -0.7913394862527702]",0.8933454876937101,0.7054382880292825,"[-0.0016067430558598561, 0.00654964105304491, 0.0059018741446591316, 0.0007089027951721998, -0.0034934105311021733, 0.0017103115832511246, 0.0022829841064055285, -0.006948294602629789, -0.004717097488815919, -0.004985423789827834, -0.00021624636592524037, -0.001276342600809291, 0.0005953188161171279, -0.0031903133161887507, -0.0024478147040264, -0.001507273349768753, -0.004050809755980569, -0.008951165035904863, 0.0020085177434211476, 0.0025057486028715785, -0.0003909853728232579, -0.0019689152607168564, -6.6892818493626e-05, -0.002402176845542078, 0.006991645172970537, 0.00010715408253896691, -0.0036240947764845178, 0.0012464586280290996, 0.0026937551553315752, -0.006227288674219092, 0.0026943272600252837, -0.004343610717689475, 0.0035546126697044798, 0.004250091605963469, 0.0012818171821519682, 0.004767482953008987, 0.002020401604827617, -0.0016909094647962258, -0.00477551187247249, 0.001309623644946752, 0.005684388491837658, -0.0019062469669431136, -0.0020535099364573156, 0.006287572339054642, -0.003419313977027577, 0.0019508928959191263, 4.7668771291874395e-05, -0.004515520312276218, -0.00017802073673758292, 0.006998997141173728, 0.005175914064801107, 0.0018033013654061075, 0.0009641195877842139, 0.0010885593409722845, -0.0034561204826725287, -0.001413419671282405, -0.0024155213751933954, -0.0050545909207579546, 0.0010293096817736947, -0.0012550636789584852, -0.006876623996398467, 0.005641909129207824, 0.006389696566887425, -0.0031896098572919643, 0.002770950122599736, 0.0011069793934716287, -0.0040977037189528, 0.0032975281767554368, -0.0008933151665387821, -0.006878288758914891, 0.0033572811127040385, 0.0026565730706736516, -0.0011282266858980141, -0.001919205450422809, 0.0014952586682179835, -0.0026602650625147085, -0.004075685879615873, -0.0026551306060433343, -0.00689511575640394, -0.003055127544590207, -0.0028847876992430122, -0.0069562998761486606, -0.0015029512686260032, -0.0028929616328057903, -0.006234316958369011, -0.00048655737316998784, -0.0035496798942788823, 0.0007465880206854001, 0.004491742265058114, 0.0020790098124074483, -0.0002036594864130428, -0.0037572154038527494]",228,5
0.03383517989312029,"[-1.4148333074999004, -0.9320621223668623, -1.898062315707975, -1.1051342698944258, 1.2526942093528255, -1.5280110271200757, -1.140444831287516, -0.5621236253755633, -2.1137440011595428, 1.2627259508957565, 0.5373184916343241, 0.4510458220710669, 0.25053449547092693, 0.24559594616456049, -1.8537784323104427, 0.1201620461348658, -1.2646358262942778, -0.6873982167144919, 0.8592981739383072, -1.1869794628316843, 0.11430853301551339, -0.5436679812765073, -0.1880068526583114, 0.024068857686613387, -0.8109697822777481, -0.6368474469701803, -1.286682360727731, -0.5788605464057885, -1.6462647966104882, 2.864723922140482, -0.7648467162617307, 1.963546850877502, 0.0629614987397558, 0.44918954979436576, -1.7317580793337535, -1.9139128304647095, -0.6887120623387261, -0.7515734373808418, 0.7080963567852956, 0.544803903735156, -1.1369242304760057, -1.6334968241395478, 1.3760131206960997, 0.0038599789263568333, -1.5949847718091317, -1.665274288881726, -0.5170459700074381, -2.1262902518768563, -1.4868401405799603, -1.0228534610614177, -0.7443814479912494, -1.376555804858936, 0.44802674181701996, -0.1999721328919452, 0.4207163262475762, -1.0860950338646864, 0.7176886858526044, 2.8388242572283855, -0.8008532185972277, -0.6825388728264223, 1.4809057699037182, 0.3433928626891863, -0.10564246426873031, 1.4076030934787807, -1.509217570222099, -0.06744171539710021, -0.4044402159347558, 1.527019745599483, 0.39941713203722057, 0.6211153601743995, 1.108915359666876, -0.813950219383473, -0.05013272066005915, 0.5193804271567329, -1.2177925206885876, -0.43591892348335287, 0.78471633278436, 0.05968265705334913, 2.217880034199687, 0.1369045397366045, 0.8489050286475555, 0.07928458394892514, 0.2983911073848348, -0.017546607339402925, 0.07891141364347087, -0.13660683927070683, 0.14389354197735715, -0.09257905831152308, -1.3916664101560257, -1.757679805064715, 1.47143805747967, -0.7779557309540354]",0.910665451230629,0.6980719000597133,"[-0.020964303365894228, -0.05880214040286556, -0.00639882633697658, 0.010057676984712783, -0.024736370509143447, -0.028296527436487855, -0.034982035569304015, -0.03636715515402167, 0.010115189999870312, -0.05363237758976562, -0.003137625169631244, -0.005836987314428169, -0.029532247248166898, -0.023955928215463114, -0.0035615564604268984, -0.04469931054118155, -0.019366334209486476, -0.029782625443180104, 0.003372256623922268, -0.006674490411943823, -0.04502503492434141, 0.02273234943897658, -0.010059727835991057, -0.006947143524693882, -0.03866943398490896, -0.020928439010339327, -0.03191405430654123, -0.02708530013321637, -0.036899088899693275, -0.025659190846006368, -0.03393056881839902, -0.0049740548536700655, -0.007457984351409697, 0.009604141854856044, -0.007671540481717817, -0.028011488288305547, -0.030127159596310807, -0.03188485327726934, -0.028117373298898844, -0.00679636266538858, -0.018245526071544865, -0.016426915563938334, -0.002323158433132623, -0.003484249717994962, 0.012870747335990638, -0.016939266594156316, -0.03875591204448952, -0.028218000486195247, 0.018790795953061018, -0.03236966337504459, -0.03397208757728065, -0.013760766942149404, -0.06709012191676265, -0.022141130548116502, -0.02986379765016069, -0.00926483588289718, -0.02881476858592124, -0.006031874061844741, 0.024615213218984827, -0.03314127901704878, -0.01527019085195281, -0.019139164636980042, -0.027744937159010056, -0.0028791039077935166, -0.029391261189486106, -0.018416594504424455, 0.0080416315720493, -0.019779476879769938, -0.021642978306703742, -0.028612992868895674, -0.0014956016134168122, -0.03709037192428829, -0.026848083459841632, -0.008383786290537579, 0.004568968449247845, -0.024589372224072457, 0.011309300971873716, -0.015016426946005319, -0.02563210118262404, -0.03816941433869798, -0.052331480630558404, -0.011048734908548219, -0.00018395697957040947, -0.021042956870356906, -0.01383795046248154, 0.010585839428403538, -0.021611594303362423, -0.0012500794515758167, -0.03686327798397006, -0.027268428648155065, -0.009942136974625301, 0.005492858656748051]",228,5
0.03383517989312029,"[-1.4553800481745343, -0.9294076362832802, -1.916150444060115, -1.141313655568213, 1.2300428283215967, -1.5554138797837282, -1.1778538757834893, -0.6777347513205025, -2.1433532035075764, 1.2620041793786323, 0.5180003742983539, 0.38786152080141056, 0.2159848627377962, 0.19920227239246388, -1.9040338901171334, 0.07538098050734879, -1.2997811803772101, -0.7787353929780414, 0.8963535012810936, -1.190006313304581, 0.06694805471247038, -0.5492205384620502, -0.206418252299745, -0.09208776274352964, -0.874319098940245, -0.7039125960490737, -1.3472901559291959, -0.5938461914018902, -1.6718788741839392, 2.873297878036034, -0.7402984471245018, 1.924666741521927, 0.04122973846879436, 0.45957559584121566, -1.7341136643046284, -1.9664864030558575, -0.6622581819781054, -0.7861385161507543, 0.6805788388319888, 0.5149924447560953, -1.124376569114044, -1.6422948964971134, 1.3448036929972715, 0.039522686945696495, -1.7168627786956552, -1.7001240933892021, -0.541277846040757, -2.1611514700553305, -1.5644379103645043, -1.0504494872584877, -0.7025656100228925, -1.4510869760566445, 0.36625077083445573, -0.1301165694009122, 0.3245545752663445, -1.1415497579283382, 0.7549005913159434, 2.848469586839675, -0.8286543593588689, -0.7176617871851108, 1.4490286377362056, 0.37717974774020296, -0.02981339048578708, 1.4294380272923015, -1.6144777782724755, -0.06281589120604114, -0.4224895954470314, 1.54655170768345, 0.36065633680964077, 0.5569132594098554, 1.165494665296491, -0.7953313301501351, -0.10648658922486591, 0.5020811948922522, -1.2973637923097074, -0.5064500495499281, 0.7324738478364399, 0.08055646059651118, 2.258361960440381, 0.10261997790232702, 0.8488405520973499, 0.0020001784736899085, 0.23724231446092664, -0.0455111389430438, 0.04199149136832175, -0.17583336915912104, 0.08772678565412198, -0.16414016833703302, -1.38071587658544, -1.8284998013707807, 1.4862174273172424, -0.8018158914834976]",0.9927073837739289,0.7021873522412116,"[-0.0067509994230507036, 0.020505295343785753, -0.014877538161250082, -0.019952518348825807, 0.0006726852618579721, 0.004821149122238082, 0.0069115453499829435, -0.03415049189018608, -0.02512099993880369, 0.02278262254547147, -0.0015622797102774837, -0.0334162155709432, -0.0012821324863779078, -0.016252445407264792, -0.004626107958253531, -0.0013797054654764163, -0.003819805126511512, -0.013526393647449852, 0.00888152717747552, -0.012431113822602988, -0.0062805277244738274, -0.02948384243536857, -0.009743217215571665, -0.04023027975471748, -0.0027793748990344296, -0.01964947831498805, -0.006903392676101466, -0.0021932783286023145, -6.197071937724631e-05, 0.012134128970275746, 0.014392030235174297, -0.015057020804074405, -0.009507671252914044, -0.0037297540076089556, -0.0025049736309780794, -0.00305725547876979, 0.037351250697986796, 0.012002705450094471, -0.011224723386529918, -0.006665680432169779, 0.0007492664006551564, 0.001379975639623025, -0.021808692582723294, 0.0073390171603722985, -0.0457968588127966, -0.01895970246786314, 0.012361209337567708, 0.007537264519596146, -0.06349488069375651, 0.00408249618073156, 0.031120187686003144, -0.019233547812484923, -0.0019714049576413876, 0.027672678327034832, -0.026189739436164126, -0.025886089310327844, 0.023115929921844695, 0.003237787992927458, -0.0221243802179504, 0.009087517322396287, -0.01774967963696036, 0.005060583157332594, 0.040116436232808715, 0.004042865993448749, -0.036999689357583715, 0.0032893423252084095, -0.0030616944366807564, 0.012406973518949434, 0.006121725217235774, -0.01208556516497958, 0.013283590798495717, 0.01913314135667777, -3.5375746817060266e-05, -0.011106116394630007, -0.049878938104322645, -0.028479901143744133, -0.02481749686029976, 0.009548405062936357, 0.023033264481790987, 0.002153953012904366, 0.030989769682282904, -0.023952325064174277, -0.02605849617743479, 0.0006275659544839182, -0.0026084976013689585, -0.02796416819165245, -0.0002464047573766566, -0.0548785463146671, 0.01108025351180944, -0.002679627726163229, 0.004583394221411878, -0.013358296725492182]",228,5
0.03383517989312029,"[-1.4887859438473552, -0.897537336750621, -1.8793433351444604, -1.151879702629524, 1.2561236544558148, -1.5398784437627167, -1.1465380380276677, -0.6786906903010462, -2.0866663642683525, 1.2126996415500777, 0.4797326930563577, 0.37578048364172767, 0.2466072692394119, 0.191734656264393, -1.848508961397127, -0.017034014079496503, -1.3006255734269943, -0.8321604195595125, 0.9155438185010559, -1.1664140903183722, 0.0888459803493977, -0.6288911863672068, -0.2311373184794966, 0.03845605248417509, -0.8292713776895834, -0.621776534703023, -1.3082631372565625, -0.6811823909741236, -1.7286664321853147, 2.853854581938038, -0.7896860724998046, 1.976883880156435, 0.02264495427535705, 0.5382308619442128, -1.7528151355069301, -1.882788623573976, -0.7505734269170037, -0.7153059541335036, 0.5754138099074384, 0.6031543342984221, -1.1535871794055554, -1.6570478274287863, 1.3074661671026548, 0.0665950369102363, -1.5765745760809386, -1.7704252946184509, -0.5396329339530597, -2.149165922460668, -1.5769395950254512, -1.0337985714124007, -0.7392812392857068, -1.4265079310799937, 0.39205676628514585, -0.2905153275729488, 0.4178229641999056, -1.1188161597811108, 0.7303661145971411, 2.765481530438911, -0.7798668578019848, -0.8171436437326977, 1.4037782406274173, 0.332453879571466, -0.1118625152471161, 1.308053558175687, -1.6098496905117798, -0.06433926128280665, -0.4813010712480759, 1.5294189656161319, 0.40853519374306263, 0.5735943923235024, 1.065225751726867, -0.8215579639185246, -0.13504063069175917, 0.49453820986900804, -1.2528029748038452, -0.5233074081733338, 0.7460826529617427, 0.08251346329982957, 2.0950627715067727, 0.008967295984757857, 0.8759774073535215, -0.08993580625238608, 0.26019068044977123, -0.014454413187351786, -0.0761317908305062, -0.20167692707568083, 0.15390191763544223, -0.07370941996374002, -1.3908372881685163, -1.7801036420468934, 1.3944443130965773, -0.7997485731333728]",0.7657247037374658,0.7273340727624695,"[-0.004094149039601089, -0.012020327997594357, -0.0023734016720320652, 0.0036012899082362303, -0.006751072495379235, -0.008079172675444134, -0.017072650593134037, 0.002679314332125491, 0.004529364551156184, -0.008546242313271902, -0.002910956779587884, 0.005074941507137181, -0.0028445411221383315, -0.0011551361204227791, -0.006480442619263309, 0.00027602705199912883, 0.0011781505478284378, -0.0012918106005871833, -0.009112807971404685, 0.0035288911649455487, -0.010564718235156796, 0.013755198273570978, -0.0016108519344519988, -0.00870418265884753, -0.01623135976869761, -0.008085452428179133, -0.010735341987538853, 0.002932830154553032, 0.0005385258696230053, -0.0038864513480066946, 0.0002939205055396783, -0.00353793737502373, 0.004239846112961528, -0.007234446781096992, 0.0038618051833149737, -0.009763275954297053, -0.008082747540994925, -0.011310699548816024, 0.004312468812382061, -0.012756509375708791, 0.001917425815520248, -0.002204332839474086, 0.00659022888304332, -0.003601770842392321, -0.007966179155380754, 0.007409239152159449, -0.009687980815963832, -0.004671637318994494, 0.011982496628835469, -0.012058285142398907, -0.010859820247588917, -6.622354261248719e-05, -0.016179044090338306, 0.007262222025530077, -0.01671634805153031, 0.005198155413161679, -0.008409192360812424, 0.00631621816521281, -0.0003149926338424547, -0.003740658713747469, -0.00047315934179918435, 0.00020890583660261412, -0.0059838856681467805, 0.009522336934413228, -0.001680190344517368, -0.003536024760255772, 0.002059675992358202, -0.007621315165286646, -0.012809541740740511, -0.0023756730471309914, 0.004768511271723294, -0.0022390144777965307, -0.0017201734934559414, 0.0016517896578492855, 0.0035742077649779944, 0.005186406895477825, 0.0031798242605017347, -0.0015712598949207597, 0.0005626053534414123, 0.00012286298346997175, -0.011065342287676415, 0.0022533150592501192, 0.0031095533991434424, -0.010831695484445583, -0.0011310870252392528, 0.009776534333727032, -0.009743218408037956, -0.0025796997808069707, -0.006025072638212071, -0.010064146581418238, -0.001167247198552773, 0.0024076161232733607]",228,5
